{"f_heating": {"TRY01": {"UWH": 1.739646078486104e-05, "UWB": 7.395376204508402e-06, "USH": -9.60694823015423e-06, "USB": -9.60694823015423e-06, "SWX": -3.4609659681035174e-05, "SSX": -3.6610357245169065e-05, "WWH": 5.6402052484415786e-05, "WWB": 2.3397552127130995e-05, "WSH": 3.6399082243604615e-05, "WSB": 4.394970722392238e-06}, "TRY02": {"UWH": 1.3299437185688295e-05, "UWB": 3.3132139978632805e-06, "USH": -1.366384535527029e-05, "USB": -1.366384535527029e-05, "SWX": -3.862940332483283e-05, "SSX": -4.0627127896228875e-05, "WWH": 5.224706743072729e-05, "WWB": 1.92916110377285e-05, "WSH": 3.2273821165358565e-05, "WSB": 3.172670525442532e-07}, "TRY03": {"UWH": 1.3827400779453138e-05, "UWB": 3.839262475930586e-06, "USH": -1.3141052665927976e-05, "USB": -1.3141052665927976e-05, "SWX": -3.8111398424733704e-05, "SSX": -4.010950611130909e-05, "WWH": 5.27825002364906e-05, "WWB": 1.982072378528153e-05, "WSH": 3.2805423586327806e-05, "WSB": 8.427409805625286e-07}, "TRY04": {"UWH": 1.5624515545604577e-05, "UWB": 5.629858454159371e-06, "USH": -1.1361538940457896e-05, "USB": -1.1361538940457896e-05, "SWX": -3.634818166906983e-05, "SSX": -3.834759342651994e-05, "WWH": 5.4605039163195795e-05, "WWB": 2.1621750111369166e-05, "WSH": 3.461492441503766e-05, "WSB": 2.6313812701993407e-06}, "TRY05": {"UWH": 1.9609735497085837e-05, "UWB": 9.600622565547525e-06, "USH": -7.415350451969727e-06, "USB": -7.415350451969727e-06, "SWX": -3.2438132780814206e-05, "SSX": -3.444043640102442e-05, "WWH": 5.8646638859475176e-05, "WWB": 2.561564420375294e-05, "WSH": 3.862761127322763e-05, "WSB": 6.597808513769503e-06}, "TRY06": {"UWH": 9.565509342899028e-06, "UWB": -4.071695325741885e-07, "USH": -1.736120290377497e-05, "USB": -1.736120290377497e-05, "SWX": -4.229290009245736e-05, "SSX": -4.428791515044897e-05, "WWH": 4.846031492545177e-05, "WWB": 1.5549556010838617e-05, "WSH": 2.8514158369677498e-05, "WSB": -3.399053075698634e-06}, "TRY07": {"UWH": 1.5142698669400219e-05, "UWB": 5.14978930274846e-06, "USH": -1.1838636875725027e-05, "USB": -1.1838636875725027e-05, "SWX": -3.6820910292353556e-05, "SSX": -3.881997242084984e-05, "WWH": 5.4116405922311275e-05, "WWB": 2.1138884523293124e-05, "WSH": 3.412978676373135e-05, "WSB": 2.1518364502256387e-06}, "TRY08": {"UWH": 7.995321463916908e-06, "UWB": -1.9716617698675547e-06, "USH": -1.89160122764675e-05, "USB": -1.89160122764675e-05, "SWX": -4.383347036092779e-05, "SSX": -4.5827346016851477e-05, "WWH": 4.686791326831419e-05, "WWB": 1.397595049592356e-05, "WSH": 2.6933148452134518e-05, "WSB": -4.961836574863578e-06}, "TRY09": {"UWH": 1.2161710150833654e-05, "UWB": 2.179613912156944e-06, "USH": -1.4790429429084942e-05, "USB": -1.4790429429084942e-05, "SWX": -3.9745670025776066e-05, "SSX": -4.174256900900267e-05, "WWH": 5.109324473223133e-05, "WWB": 1.8151407651573626e-05, "WSH": 3.1128252695725514e-05, "WSB": -8.150949153610913e-07}, "TRY10": {"UWH": 8.315776628577479e-06, "UWB": -1.6523690124703103e-06, "USH": -1.8598695667282773e-05, "USB": -1.8598695667282773e-05, "SWX": -4.351905976990138e-05, "SSX": -4.5513167963142157e-05, "WWH": 4.7192901979584926e-05, "WWB": 1.429710315615151e-05, "WSH": 2.725581225577079e-05, "WSB": -4.642892548956199e-06}, "TRY11": {"UWH": 2.1197177788407837e-06, "UWB": -7.82595250651023e-06, "USH": -2.4734069976481855e-05, "USB": -2.4734069976481855e-05, "SWX": -4.959824568985874e-05, "SSX": -5.158785773180406e-05, "WWH": 4.090918618218859e-05, "WWB": 8.0875581028538e-06, "WSH": 2.1017048970028464e-05, "WSB": -1.080973325626091e-05}, "TRY12": {"UWH": 1.9562771125102452e-05, "UWB": 9.553828550397814e-06, "USH": -7.46185485231551e-06, "USB": -7.46185485231551e-06, "SWX": -3.248421128907624e-05, "SSX": -3.4486480829732605e-05, "WWH": 5.8599010072644e-05, "WWB": 2.5568577610164678e-05, "WSH": 3.8580323213709133e-05, "WSB": 6.551065607034168e-06}, "TRY13": {"UWH": 1.3134481878862049e-05, "UWB": 3.1488570438422715e-06, "USH": -1.3827185080765494e-05, "USB": -1.3827185080765494e-05, "SWX": -3.879124716831472e-05, "SSX": -4.0788852040393037e-05, "WWH": 5.207977846648313e-05, "WWB": 1.9126296692859035e-05, "WSH": 3.2107728954652685e-05, "WSB": 1.5308960915746614e-07}, "TRY14": {"UWH": 1.1453155290878057e-05, "UWB": 1.4736292380072846e-06, "USH": -1.5492044663842266e-05, "USB": -1.5492044663842266e-05, "SWX": -4.0440859796018764e-05, "SSX": -4.2437244618562155e-05, "WWH": 5.037466579765372e-05, "WWB": 1.7441310566905944e-05, "WSH": 3.0414814338629824e-05, "WSB": -1.5203085131820955e-06}, "TRY15": {"UWH": 8.145928884866795e-06, "UWB": -1.8216006567300241e-06, "USH": -1.876687991286645e-05, "USB": -1.876687991286645e-05, "SWX": -4.3685703766858496e-05, "SSX": -4.567968871059969e-05, "WWH": 4.702065136412328e-05, "WWB": 1.4126885725628414e-05, "WSH": 2.7084793888559628e-05, "WSB": -4.8119393584460275e-06}}, "f_electricity": {"TRY01": {"UWH": 1.820947327457311e-05, "UWB": 9.26965132127134e-06, "USH": 9.26965132127134e-06, "USB": 2.2183795842322437e-05, "SWX": -4.834540583438778e-05, "SSX": -3.940518324373069e-05, "WWH": 3.410375876540224e-05, "WWB": 3.311017812346502e-05, "WSH": 2.615711681668194e-05, "WSB": 2.0196634558447557e-05}, "TRY02": {"UWH": 1.4390251303551729e-05, "UWB": 5.462809322302666e-06, "USH": 5.462809322302666e-06, "USB": 1.8359070182013323e-05, "SWX": -5.207246181512066e-05, "SSX": -4.3144619751323346e-05, "WWH": 3.0262526198286416e-05, "WWB": 2.9270321478671018e-05, "WSH": 2.2326888854104065e-05, "WSB": 1.6374660742782526e-05}, "TRY03": {"UWH": 1.5169094126312854e-05, "UWB": 6.239127533388261e-06, "USH": 6.239127533388261e-06, "USB": 1.9139035356115653e-05, "SWX": -5.131241413455952e-05, "SSX": -4.2382047345946704e-05, "WWH": 3.104585757785893e-05, "WWB": 3.0053372270408447e-05, "WSH": 2.31079760966966e-05, "WSB": 1.7154064741214253e-05}, "TRY04": {"UWH": 1.8047826227782574e-05, "UWB": 9.108528251860516e-06, "USH": 9.108528251860516e-06, "USB": 2.202191585407758e-05, "SWX": -4.850315199239619e-05, "SSX": -3.956345340260089e-05, "WWH": 3.3941180128909624e-05, "WWB": 3.294765772233598e-05, "WSH": 2.599500394568797e-05, "WSB": 2.003487104092986e-05}, "TRY05": {"UWH": 2.0260216046099656e-05, "UWB": 1.1313746629416054e-05, "USH": 1.1313746629416054e-05, "USB": 2.4237493836432988e-05, "SWX": -4.634415186969155e-05, "SSX": -3.739728151774726e-05, "WWH": 3.616632019297437e-05, "WWB": 3.517200074539114e-05, "WSH": 2.8213769288613303e-05, "WSB": 2.2248854941266105e-05}, "TRY06": {"UWH": 8.050136796094749e-06, "UWB": -8.567537636851828e-07, "USH": -8.567537636851828e-07, "USB": 1.2009819253431479e-05, "SWX": -5.825957580662044e-05, "SSX": -4.935228608530292e-05, "WWH": 2.3885872913906488e-05, "WWB": 2.2895952299572305e-05, "WSH": 1.5968503806922715e-05, "WSB": 1.0029978024763114e-05}, "TRY07": {"UWH": 1.5139021639831371e-05, "UWB": 6.2091525265882234e-06, "USH": 6.2091525265882234e-06, "USB": 1.910891953368129e-05, "SWX": -5.134176090765838e-05, "SSX": -4.241149160309548e-05, "WWH": 3.101561178033181e-05, "WWB": 3.0023137306869115e-05, "WSH": 2.3077816949231174e-05, "WSB": 1.712397058675633e-05}, "TRY08": {"UWH": 6.052756875300595e-06, "UWB": -2.8476591962755225e-06, "USH": -2.8476591962755225e-06, "USB": 1.0009561008581663e-05, "SWX": -6.020875468024274e-05, "SSX": -5.1307939737282784e-05, "WWH": 2.1876981873042173e-05, "WWB": 2.088778083972169e-05, "WSH": 1.39653679634014e-05, "WSB": 8.03115894194113e-06}, "TRY09": {"UWH": 1.2184525710145274e-05, "UWB": 3.264233567635503e-06, "USH": 3.264233567635503e-06, "USB": 1.615016602804888e-05, "SWX": -5.4224958534907115e-05, "SSX": -4.530426663026856e-05, "WWH": 2.8044088765792966e-05, "WWB": 2.705267868631728e-05, "WSH": 2.0114806940630097e-05, "WSB": 1.4167345869097077e-05}, "TRY10": {"UWH": 7.661306995375254e-06, "UWB": -1.244323176267069e-06, "USH": -1.244323176267069e-06, "USB": 1.1620429129582076e-05, "SWX": -5.863902231306945e-05, "SSX": -4.973299303637343e-05, "WWH": 2.3494802244298542e-05, "WWB": 2.2505021710746836e-05, "WSH": 1.5578553501153797e-05,