{"f_heating": {"TRY01": {"UWH": 0.0021495507409996237, "UWB": 0.002860308641976436, "USH": 0.0021555034410287765, "USB": 0.0022236084337417233, "SWX": 0, "SSX": 0, "WWH": 0.006246539377248127, "WWB": 0.005936315014464916, "WSH": 0.006319451572275163, "WSB": 0.005583462075846149}, "TRY02": {"UWH": 0.0021342291501204994, "UWB": 0.0023130577492861057, "USH": 0.0015862209822013501, "USB": 0.0024231500930240787, "SWX": 0, "SSX": 0, "WWH": 0.005743723386928469, "WWB": 0.0055906343301413445, "WSH": 0.005100317528522798, "WSB": 0.005408452892527167}, "TRY03": {"UWH": 0.0021707864324009628, "UWB": 0.002349737344864142, "USH": 0.0020374828717726816, "USB": 0.002119604428122115, "SWX": 0, "SSX": 0, "WWH": 0.005771266508974081, "WWB": 0.005800124421847898, "WSH": 0.005608016219047737, "WSB": 0.005404825309380358}, "TRY04": {"UWH": 0.0017037994482769633, "UWB": 0.0024405019544145017, "USH": 0.0015751700137607526, "USB": 0.002925267421054153, "SWX": 0, "SSX": 0, "WWH": 0.00588335204763527, "WWB": 0.005809903118867523, "WSH": 0.005800693205441385, "WSB": 0.005805173753200307}, "TRY05": {"UWH": 0.00247983888407934, "UWB": 0.0030840512618945846, "USH": 0.001342821371355892, "USB": 0.003266034162203566, "SWX": 0, "SSX": 0, "WWH": 0.006378511557595362, "WWB": 0.006266337721650585, "WSH": 0.006509752662511981, "WSB": 0.0057029833440073755}, "TRY06": {"UWH": 0.0015869687002358897, "UWB": 0.0019086578047971018, "USH": 0.001909636146149866, "USB": 0.0017617642473861958, "SWX": 0, "SSX": 0, "WWH": 0.005716971547123505, "WWB": 0.0050765790500553985, "WSH": 0.004849201829181757, "WSB": 0.00502701728201039}, "TRY07": {"UWH": 0.0015936718781661395, "UWB": 0.0024629741615518836, "USH": 0.0021574150146097828, "USB": 0.001952263513281454, "SWX": 0, "SSX": 0, "WWH": 0.00639077237829039, "WWB": 0.0057765356639087025, "WSH": 0.006553103891762039, "WSB": 0.005021681098345458}, "TRY08": {"UWH": 0.0015455378766105234, "UWB": 0.0017797295851474195, "USH": 0.001283249219626398, "USB": 0.0017898601254954134, "SWX": 0, "SSX": 0, "WWH": 0.0050443535743516735, "WWB": 0.004673723435529743, "WSH": 0.005055333165545083, "WSB": 0.004171202408473356}, "TRY09": {"UWH": 0.0015010993603529245, "UWB": 0.0019944893138668274, "USH": 0.0016673608460047414, "USB": 0.002359814476647844, "SWX": 0, "SSX": 0, "WWH": 0.005989992094325681, "WWB": 0.005460921145820909, "WSH": 0.0060542766449822915, "WSB": 0.0049013182514946185}, "TRY10": {"UWH": 0.001325335078085229, "UWB": 0.0015643139754178668, "USH": 0.0014353257209459387, "USB": 0.0012414204910913176, "SWX": 0, "SSX": 0, "WWH": 0.005371256406650102, "WWB": 0.004906843925119949, "WSH": 0.00541883385478568, "WSB": 0.004597077537442037}, "TRY11": {"UWH": 0.0012508552217184903, "UWB": 0.0013791009855758521, "USH": 0.0009847739988292528, "USB": 0.0016014903491967517, "SWX": 0, "SSX": 0, "WWH": 0.00468830348221184, "WWB": 0.004465033359165507, "WSH": 0.004435776463695795, "WSB": 0.004021328797771722}, "TRY12": {"UWH": 0.0026276638907861112, "UWB": 0.0030840165938654227, "USH": 0.001961003883200101, "USB": 0.002983383485805581, "SWX": 0, "SSX": 0, "WWH": 0.006553399440133206, "WWB": 0.0067508224376277804, "WSH": 0.006948337133241929, "WSB": 0.005954584002313381}, "TRY13": {"UWH": 0.001528277146015976, "UWB": 0.0019744696422227363, "USH": 0.0014128988805312181, "USB": 0.0016082039591168, "SWX": 0, "SSX": 0, "WWH": 0.005720388575018858, "WWB": 0.005597405493139674, "WSH": 0.005436091764435059, "WSB": 0.005384248821089722}, "TRY14": {"UWH": 0.0016687353294018547, "UWB": 0.0021217609883116594, "USH": 0.002008027822419819, "USB": 0.001578866764941168, "SWX": 0, "SSX": 0, "WWH": 0.005410378387933488, "WWB": 0.0052205316249048835, "WSH": 0.005540872230964601, "WSB": 0.004592237019574224}, "TRY15": {"UWH": 0.0012620949428239687, "UWB": 0.00152982864446608, "USH": 0.0016785720431052433, "USB": 0.0015460785503773646, "SWX": 0, "SSX": 0, "WWH": 0.005527745949161663, "WWB": 0.005125015743025032, "WSH": 0.005570251286058218, "WSB": 0.004955315993527903}}, "f_electricity": {"TRY01": {"UWH": -4.4820019267853475e-05, "UWB": 9.524346721354222e-06, "USH": 0.00010959949320781762, "USB": 0.0001346602769401804, "SWX": -0.00013132574050439853, "SSX": 7.80405129611958e-05, "WWH": 8.60924086328171e-06, "WWB": 7.242712555980768e-05, "WSH": 0.00019934563745054512, "WSB": 0.0002325932628059156}, "TRY02": {"UWH": -4.9400597461655895e-05, "UWB": 4.85139847195221e-06, "USH": 0.00010475644550694873, "USB": 0.00012977463299323165, "SWX": -0.00013575928343272656, "SSX": 7.325110660303053e-05, "WWH": 3.937848035080391e-06, "WWB": 6.764726037296592e-05, "WSH": 0.00019435004668136302, "WSB": 0.00022754116047483171}, "TRY03": {"UWH": -4.88547808551211e-05, "UWB": 5.408221791648564e-06, "USH": 0.00010533353768822596, "USB": 0.00013035680089584865, "SWX": -0.00013523098738500456, "SSX": 7.382180694153091e-05, "WWH": 4.4944860125148076e-06, "WWB": 6.821682379609586e-05, "WSH": 0.0001949453157251181, "WSB": 0.00022814316337349365}, "TRY04": {"UWH": -4.5770129669073754e-05, "UWB": 8.555076784618528e-06, "USH": 0.0001085949409876572, "USB": 0.0001336468893427512, "SWX": -0.0001322453526302566, "SSX": 7.704708710881778e-05, "WWH": 7.640293554345059e-06, "WWB": 7.143567875150022e-05, "WSH": 0.00019830944451829438, "WSB": 0.00023154534816071087}, "TRY05": {"UWH": -4.282165669366794e-05, "UWB": 1.156300745316875e-05, "USH": 0.00011171236299432289, "USB": 0.00013679173013261478, "SWX": -0.00012939152480407473, "SSX": 8.012998071259703e-05, "WWH": 1.0647223013619204e-05, "WWB": 7.451243079746508e-05, "WSH": 0.00020152505699251198, "WSB": 0.0002347973365695844}, "TRY06": {"UWH": -6.627516353397388e-05, "UWB": -1.2363453158294787e-05, "USH": 8.691495804358197e-05, "USB": 0.00011177622360025426, "SWX": -0.0001520921807031503, "SSX": 5.56072305204474e-05, "WWH": -1.3271273519899467e-05, "WWB": 5.003853337399002e-05, "WSH": 0.00017594660001192747, "WSB": 0.0002089295287150384}, "TRY07": {"UWH": -5.38612998213007e-05, "UWB": 3.007434234681382e-07, "USH": 0.00010004014258773071, "USB": 0.00012501684859124841, "SWX": -0.00014007679850729354, "SSX": 6.858704120795258e-05, "WWH": -6.112922982903606e-07, "WWB": 6.299248645237751e-05, "WSH": 0.00018948519281595817, "WSB": 0.00022262127398104238}, "TRY08": {"UWH": -7.362977367085044e-05, "UWB": -1.9866373337814984e-05, "USH": 7.91389249300378e-05, "USB": 0.00010393179763979084, "SWX": -0.00015921070993316598, "SSX": 4.7917324342436774e-05, "WWH": -2.077169630366636e-05, "WWB": 4.236394657103739e-05, "WSH": 0.00016792564262265624, "WSB": 0.00020081783594511678}, "TRY09": {"UWH": -5.67487081432551e-05, "UWB": -2.644891186948887e-06, "USH": 9.698728427084144e-05, "USB": 0.00012193713935069626, "SWX": -0.00014287152183814229, "SSX": 6.556799618990259e-05, "WWH": -3.555946435079751e-06, "WWB": 5.9979455796776125e-05, "WSH": 0.00018633617761531574, "WSB": 0.00021943663621328772}, "TRY10": {"UWH": -6.842060856264648e-05, "UWB": -1.4552162348870166e-05, "USH": 8.464657790163569e-05, "USB": 0.00010948789228609236, "SWX": -0.0001541687575527407, "SSX": 5.336397483815753e-05, "WWH": -1.545925418439337e-05, "WWB": 4.779974657264036e-05, "WSH": 0.0001736067719536427, "WSB": 0.00020656323184770498}, "TRY11": {"UWH": -8.297628215777654e-05, "UWB": -2.940135967012883e-05, "USH": 6.925685665752114e-05, "USB": 9.396281322729058e-05, "SWX": -0.00016825719813913812, "SSX": 3.814470934058057e-05, "WWH": -3.030350885379913e-05, "WWB": 3.261079999324892e-05, "WSH": 0.00015773231559146512, "WSB": 0.00019050919906207298}, "TRY12": {"UWH": -3.519976507516563e-05, "UWB": 1.9338599002724846e-05, "USH": 0.00011977099295706461, "USB": 0.00014492123847735126, "SWX": -0.00012201429375245524, "SSX": 8.809935371190342e-05, "WWH": 1.84202264069842e-05, "WWB": 8.24659276844851e-05, "WSH": 0.00020983751227700255, "WSB": 0.00024320382474289116}, "TRY13": {"UWH": -5.715243979046965e-05, "UWB": -3.056764320483185e-06, "USH": 9.656041859077173e-05, "USB": 0.00012150651924228454, "SWX": -0.0001432622938135823,