{"f_heating": {"TRY01": {"UWH": 0.003340510234414677, "UWB": 0.0032072010001851694, "USH": 0.0025984078286869863, "USB": 0.0033114216707389563, "SWX": 0, "SSX": 0, "WWH": 0.005849552319923182, "WWB": 0.006428825653026758, "WSH": 0.006277195444112719, "WSB": 0.0066513752871906456}, "TRY02": {"UWH": 0.002700928939524176, "UWB": 0.0036786031160137133, "USH": 0.0021713818723698678, "USB": 0.0030869596068553926, "SWX": 0, "SSX": 0, "WWH": 0.005453045104268027, "WWB": 0.006149536602675653, "WSH": 0.005083465430874903, "WSB": 0.006556360084839023}, "TRY03": {"UWH": 0.003133402165227433, "UWB": 0.0031764332020106792, "USH": 0.0023516286375525296, "USB": 0.0032170498136479667, "SWX": 0, "SSX": 0, "WWH": 0.005490207679107444, "WWB": 0.006408689487781109, "WSH": 0.0056410610306223685, "WSB": 0.006563655011903385}, "TRY04": {"UWH": 0.002786918720194914, "UWB": 0.002668623002783584, "USH": 0.0021204849529002268, "USB": 0.003423361206913398, "SWX": 0, "SSX": 0, "WWH": 0.005505742558609379, "WWB": 0.006305661845653829, "WSH": 0.005745728746605526, "WSB": 0.00695724264403957}, "TRY05": {"UWH": 0.0035056321249934833, "UWB": 0.0038643605664346286, "USH": 0.002373367262432481, "USB": 0.0036612720868212786, "SWX": 0, "SSX": 0, "WWH": 0.006029076932972472, "WWB": 0.006868163830762867, "WSH": 0.006531652011946667, "WSB": 0.00685769486595947}, "TRY06": {"UWH": 0.002345518321541339, "UWB": 0.002375533164670662, "USH": 0.0019596006409193715, "USB": 0.0021071164093104605, "SWX": 0, "SSX": 0, "WWH": 0.005355372810938255, "WWB": 0.005475427226591018, "WSH": 0.0047583320449726746, "WSB": 0.0059826239250750065}, "TRY07": {"UWH": 0.0025319691253001507, "UWB": 0.003185413688923649, "USH": 0.0024538337642403246, "USB": 0.0029634998080160426, "SWX": 0, "SSX": 0, "WWH": 0.006061528151513218, "WWB": 0.006314426938870217, "WSH": 0.006594871600243774, "WSB": 0.006002000829385964}, "TRY08": {"UWH": 0.002070543681346702, "UWB": 0.002022790507748698, "USH": 0.0016084744034029895, "USB": 0.002163112870824386, "SWX": 0, "SSX": 0, "WWH": 0.0046775418279232945, "WWB": 0.005004422461773634, "WSH": 0.004965581190147485, "WSB": 0.0048942141738433295}, "TRY09": {"UWH": 0.002336907691858756, "UWB": 0.0026461046423734416, "USH": 0.0016078643849897056, "USB": 0.002869742063279962, "SWX": 0, "SSX": 0, "WWH": 0.005609510230990828, "WWB": 0.005898005969330663, "WSH": 0.006009779761017467, "WSB": 0.005802340126213456}, "TRY10": {"UWH": 0.002023184119557972, "UWB": 0.002126451781095304, "USH": 0.001690301397764554, "USB": 0.0020372479357475314, "SWX": 0, "SSX": 0, "WWH": 0.004974746675968387, "WWB": 0.0052427689462320425, "WSH": 0.005318542202511627, "WSB": 0.005399759523233546}, "TRY11": {"UWH": 0.0018837893923012363, "UWB": 0.0015864441312683636, "USH": 0.001180381389459194, "USB": 0.0017406702346212722, "SWX": 0, "SSX": 0, "WWH": 0.004384515517981822, "WWB": 0.00483054779635289, "WSH": 0.004378817795863163, "WSB": 0.004770832221884899}, "TRY12": {"UWH": 0.0039623662507795405, "UWB": 0.0038945033585847137, "USH": 0.002741443215767061, "USB": 0.0042588377123028405, "SWX": 0, "SSX": 0, "WWH": 0.006231856074951346, "WWB": 0.007471017335679453, "WSH": 0.007033614858329488, "WSB": 0.007212640237475921}, "TRY13": {"UWH": 0.002206595315221085, "UWB": 0.002867086809477301, "USH": 0.0018804059065877237, "USB": 0.0024014315027895594, "SWX": 0, "SSX": 0, "WWH": 0.005322603588652959, "WWB": 0.006035530542679311, "WSH": 0.005339773227994009, "WSB": 0.006393085505274804}, "TRY14": {"UWH": 0.002097543966274594, "UWB": 0.002587130508977554, "USH": 0.0020960395584729806, "USB": 0.0023224439026994026, "SWX": 0, "SSX": 0, "WWH": 0.005034941850617851, "WWB": 0.005624755657632476, "WSH": 0.005470187581528138, "WSB": 0.005416341478522339}, "TRY15": {"UWH": 0.0018004069238819788, "UWB": 0.0021454041189016898, "USH": 0.0018718667535724102, "USB": 0.0020127780477988797, "SWX": 0, "SSX": 0, "WWH": 0.005260729323353251, "WWB": 0.005632614807110461, "WSH": 0.005616950273283601, "WSB": 0.005998486201197816}}, "f_electricity": {"TRY01": {"UWH": -0.00010586753090094858, "UWB": 4.154357770916762e-05, "USH": 0.00021563424953675078, "USB": 0.00027014699660763775, "SWX": -0.00012487081087696845, "SSX": 4.0515258116614536e-05, "WWH": 0.00011211434815644548, "WWB": 5.6363723170190644e-05, "WSH": 0.00027399484241732563, "WSB": 0.00034159081246925953}, "TRY02": {"UWH": -0.00010557244226093486, "UWB": 4.185518179358402e-05, "USH": 0.00021596535815402492, "USB": 0.00027048421264959637, "SWX": -0.0001245778513004757, "SSX": 4.0826746991565275e-05, "WWH": 0.0001124338587524319, "WWB": 5.667698765381753e-05, "WSH": 0.0002743324895589762, "WSB": 0.00034193603283585745}, "TRY03": {"UWH": -0.0001072202582547417, "UWB": 4.011514126199111e-05, "USH": 0.00021411640159911842, "USB": 0.00026860115138609966, "SWX": -0.00012621377830756555, "SSX": 3.908734980564684e-05, "WWH": 0.00011064966716094237, "WWB": 5.49276752221761e-05, "WSH": 0.0002724470209748606, "WSB": 0.000340008274310685}, "TRY04": {"UWH": -0.00011313964930238654, "UWB": 3.386445527280317e-05, "USH": 0.00020747446043594677, "USB": 0.00026183669708586266, "SWX": -0.00013209046096919952, "SSX": 3.2838974884346304e-05, "WWH": 0.00010424037888261605, "WWB": 4.864368211474979e-05, "WSH": 0.0002656739189420025, "WSB": 0.0003330832556199979}, "TRY05": {"UWH": -0.00010251339821844632, "UWB": 4.5085433618947e-05, "USH": 0.00021939780422528844, "USB": 0.00027397997149730116, "SWX": -0.00012154087825021241, "SSX": 4.405580449501345e-05, "WWH": 0.00011574607363511093, "WWB": 5.992445205067667e-05, "WSH": 0.000277832717412824, "WSB": 0.0003455147687226002}, "TRY06": {"UWH": -0.00012553422463061365, "UWB": 2.0776183570106292e-05, "USH": 0.0001935669420088039, "USB": 0.0002476726491789402, "SWX": -0.00014439560947914496, "SSX": 1.9755542312023186e-05, "WWH": 9.082001085377114e-05, "WWB": 3.548566884866312e-05, "WSH": 0.0002514917636026559, "WSB": 0.00031858300295545044}, "TRY07": {"UWH": -0.00011058593296024884, "UWB": 3.656109734825972e-05, "USH": 0.0002103398960112252, "USB": 0.00026475498671280507, "SWX": -0.00012955516968167057, "SSX": 3.553461992957018e-05, "WWH": 0.00010700544442501575, "WWB": 5.135469339329979e-05, "WSH": 0.00026859593933380556, "WSB": 0.0003360708151945676}, "TRY08": {"UWH": -0.00013681434669244458, "UWB": 8.864738564919213e-06, "USH": 0.00018090991251961622, "USB": 0.00023478215595519603, "SWX": -0.00015559434549917072, "SSX": 7.84850132874498e-06, "WWH": 7.86063298303238e-05, "WWB": 2.351075306477029e-05, "WSH": 0.0002385847910690072, "WSB": 0.00030538653468993636}, "TRY09": {"UWH": -0.0001172441067194504, "UWB": 2.9530280648494295e-05, "USH": 0.00020286899266883096, "USB": 0.0002571462797098978, "SWX": -0.00013616530474014343, "SSX": 2.8506402735638866e-05, "WWH": 9.979623072610107e-05, "WWB": 4.428641260662697e-05, "WSH": 0.0002609775052988526, "WSB": 0.0003282815042067997}, "TRY10": {"UWH": -0.00012800673900802357, "UWB": 1.8165288149859984e-05, "USH": 0.00019079262031123896, "USB": 0.00024484715405992397, "SWX": -0.00014685028467384224, "SSX": 1.714561221887465e-05, "WWH": 8.814286766630885e-05, "WWB": 3.286086113101156e-05, "WSH": 0.00024866265634802213, "WSB": 0.00031569044050455946}, "TRY11": {"UWH": -0.00014786574751693904, "UWB": -2.8051841920936904e-06, "USH": 0.000168509523111972, "USB": 0.00022215303663714612, "SWX": -0.00016656601050479922, "SSX": -3.817106704448372e-06, "WWH": 6.664029933945012e-05, "WWB": 1.1778646493408335e-05, "WSH": 0.00022593952658354986, "WSB": 0.00029245764442877454}, "TRY12": {"UWH": -9.485253449769988e-05, "UWB": 5.317505857173723e-05, "USH": 0.00022799379081963906, "USB": 0.00028273451434169703, "SWX": -0.0001139352876348117, "SSX": 5.214243846849657e-05, "WWH": 0.00012404096134434155, "WWB": 6.805718300739597e-05, "WSH": 0.00028659845213499383, "WSB": 0.00035447711367091834}, "TRY13": {"UWH": -0.00011604880082414669, "UWB": 3.079248511385791e-05, "USH": 0.00020421020350702354, "USB": 0.0002585122296933518, "SWX": -0.000134978622972755,